{"cameraMode":{"drawMode":0,"name":"Shaded","section":"Shading Mode"},"sceneLighting":true,"audioPlay":false,"sceneViewState":{"showFog":true,"showMaterialUpdate":true,"showSkybox":true,"showFlares":true,"showImageEffects":true,"showParticleSystems":true},"in2DMode":false,"pivot":{"x":46.721900939941409,"y":6.911757946014404,"z":181.9934539794922},"rotation":{"x":-0.00009072468674276024,"y":-0.9998765587806702,"z":0.014397427439689637,"w":-0.0062951091676950459},"size":4.554358005523682,"orthographic":false}