{"cameraMode":{"drawMode":0,"name":"Shaded","section":"Shading Mode"},"sceneLighting":true,"audioPlay":false,"sceneViewState":{"showFog":true,"showMaterialUpdate":true,"showSkybox":true,"showFlares":true,"showImageEffects":true,"showParticleSystems":true},"in2DMode":false,"pivot":{"x":45.023956298828128,"y":9.1256103515625,"z":181.90817260742188},"rotation":{"x":-0.00009072468674276024,"y":-0.9998765587806702,"z":0.014397427439689637,"w":-0.0062951091676950459},"size":16.350967407226564,"orthographic":false}