{"cameraMode":{"drawMode":0,"name":"Shaded","section":"Shading Mode"},"sceneLighting":false,"audioPlay":false,"sceneViewState":{"showFog":true,"showMaterialUpdate":true,"showSkybox":false,"showFlares":true,"showImageEffects":true,"showParticleSystems":true},"in2DMode":false,"pivot":{"x":46.900001525878909,"y":6.840000152587891,"z":184.8000030517578},"rotation":{"x":-0.1019962951540947,"y":-0.8676791787147522,"z":0.19941067695617677,"w":-0.44380736351013186},"size":4.554358005523682,"orthographic":false}