{"cameraMode":{"drawMode":0,"name":"Shaded","section":"Shading Mode"},"sceneLighting":true,"audioPlay":false,"sceneViewState":{"showFog":true,"showMaterialUpdate":true,"showSkybox":true,"showFlares":true,"showImageEffects":true,"showParticleSystems":true},"in2DMode":false,"pivot":{"x":44.150001525878909,"y":10.0,"z":194.89999389648438},"rotation":{"x":-0.10186656564474106,"y":-0.8323298096656799,"z":0.16309653222560883,"w":-0.5198554992675781},"size":5.104019641876221,"orthographic":false}