{"cameraMode":{"drawMode":0,"name":"Shaded","section":"Shading Mode"},"sceneLighting":false,"audioPlay":false,"sceneViewState":{"showFog":true,"showMaterialUpdate":false,"showSkybox":false,"showFlares":true,"showImageEffects":true,"showParticleSystems":true},"in2DMode":false,"pivot":{"x":592.0230712890625,"y":1785.0135498046875,"z":-420.9746398925781},"rotation":{"x":0.06723802536725998,"y":0.9171383380889893,"z":-0.1754331737756729,"w":0.3515104055404663},"size":370.93408203125,"orthographic":false}