{"cameraMode":{"drawMode":0,"name":"Shaded","section":"Shading Mode"},"sceneLighting":false,"audioPlay":false,"sceneViewState":{"showFog":true,"showMaterialUpdate":true,"showSkybox":false,"showFlares":true,"showImageEffects":true,"showParticleSystems":true},"in2DMode":false,"pivot":{"x":50.04646301269531,"y":6.392621994018555,"z":185.4442138671875},"rotation":{"x":-0.019474374130368234,"y":-0.7156830430030823,"z":0.0199713297188282,"w":-0.6978679895401001},"size":6.791251182556152,"orthographic":false}