{"cameraMode":{"drawMode":0,"name":"Shaded","section":"Shading Mode"},"sceneLighting":true,"audioPlay":false,"sceneViewState":{"showFog":true,"showMaterialUpdate":true,"showSkybox":true,"showFlares":true,"showImageEffects":true,"showParticleSystems":true},"in2DMode":false,"pivot":{"x":41.678688049316409,"y":12.173311233520508,"z":193.76596069335938},"rotation":{"x":-0.07677894085645676,"y":-0.6724505424499512,"z":0.07045888900756836,"w":-0.7327693700790405},"size":4.19558048248291,"orthographic":false}