{"cameraMode":{"drawMode":0,"name":"Shaded","section":"Shading Mode"},"sceneLighting":true,"audioPlay":false,"sceneViewState":{"showFog":true,"showMaterialUpdate":true,"showSkybox":true,"showFlares":true,"showImageEffects":true,"showParticleSystems":true},"in2DMode":false,"pivot":{"x":70.16676330566406,"y":-4.188776016235352,"z":174.04507446289063},"rotation":{"x":0.13290606439113618,"y":0.8327601552009583,"z":-0.227248877286911,"w":0.48703646659851076},"size":50.23206329345703,"orthographic":false}