{"cameraMode":{"drawMode":0,"name":"Shaded","section":"Shading Mode"},"sceneLighting":true,"audioPlay":false,"sceneViewState":{"showFog":true,"showMaterialUpdate":true,"showSkybox":true,"showFlares":true,"showImageEffects":true,"showParticleSystems":true},"in2DMode":false,"pivot":{"x":45.56219482421875,"y":9.409871101379395,"z":183.28160095214845},"rotation":{"x":-0.0682031586766243,"y":-0.3499382436275482,"z":0.025555133819580079,"w":-0.933937132358551},"size":7.140908241271973,"orthographic":false}